keyword,related_keywords,value,type
Translator,translator polsko ang,100,rising
Translator,deeple translator,40,rising
Translator,translator pol ang,40,rising
Translator,translator english,100,top
Translator,google translator,69,top
Translator,tagalog translator,27,top
Translator,tagalog english translator,25,top
Translator,tagalog to english translator,23,top
Translator,tagalog to english,23,top
Translator,language translator,19,top
Translator,spanish,16,top
Translator,spanish translator,16,top
Translator,translator deepl,13,top
Translator,hindi translator,12,top
Translator,best translator,11,top
Translator,ai translator,11,top
Translator,translator online,10,top
Translator,hindi english translator,10,top
Translator,spanish english translator,9,top
Translator,translator hindi to english,9,top
Translator,morse translator,9,top
Translator,morse code translator,9,top
Translator,translator english to spanish,8,top
Translator,morse code,8,top
Translator,translator spanish to english,8,top
Translator,pdf translator,8,top
Translator,translator app,7,top
Translator,chinese translator,7,top
Generator,generac generator recall fuel leak,10500,rising
Generator,costco generac generator recall,3700,rising
Generator,generator mikrorachunku podatkowego,100,rising
Generator,password generator 10 characters,60,rising
Generator,guid generator,60,rising
Generator,generator nowa era,60,rising
Generator,ahrefs keyword generator,60,rising
Generator,password generator 16 characters,50,rising
Generator,random group generator,50,rising
Generator,passwort generator,50,rising
Generator,ai generator,100,top
Generator,image generator,35,top
Generator,video generator,33,top
Generator,qr generator,31,top
Generator,random generator,29,top
Generator,qr code,29,top
Generator,qr code generator,28,top
Generator,ai video generator,26,top
Generator,number generator,25,top
Generator,image generator ai,24,top
Generator,font,24,top
Generator,name generator,23,top
Generator,font generator,22,top
Generator,text generator,17,top
Generator,citation generator,16,top
Generator,random number generator,15,top
Generator,free video generator ai,12,top
Generator,barcode generator,12,top
Generator,password generator,11,top
Generator,apa generator,10,top
Generator,meme generator,8,top
Generator,ai image generator free,8,top
Generator,square face generator,8,top
Generator,voice generator,7,top
Generator,word generator,7,top
Example,rank tracking tools,450,rising
Example,django developer jobs,250,rising
Example,rank tracking software,200,rising
Example,seo tools,170,rising
Example,best seo tools,170,rising
Example,describe the digestive system of scoliodon,140,rising
Example,example of mutualism,40,rising
Example,example of,100,top
Example,for example,54,top
Example,example pdf,17,top
Example,example meaning,16,top
Example,email example,3,top
Example,essay example,2,top
Example,resume example,2,top
Example,check example,2,top
Example,example synonym,1,top
Example,cover letter example,1,top
Example,abstract example,1,top
Example,json example,1,top
Example,cv example,1,top
Example,personification example,0,top
Example,alliteration,0,top
Example,example of personification,0,top
Example,hyperbole example,0,top
Example,example of imagery,0,top
Example,commensalism,0,top
Example,example of mutualism,0,top
Example,example of commensalism,0,top
Example,example of hyperbole,0,top
Example,seo tools,0,top
Example,gerrymandering example,0,top
Example,best seo tools,0,top
Convert,ytmp3 audio convert,130,rising
Convert,convert pdf,100,top
Convert,convert to pdf,93,top
Convert,convert pdf to pdf,89,top
Convert,convert to word,45,top
Convert,word to pdf convert,40,top
Convert,convert jpg,31,top
Convert,convert to jpg,29,top
Convert,free convert,21,top
Convert,mp3 convert,17,top
Convert,online convert,16,top
Convert,convert video,12,top
Convert,convert to mp3,12,top
Convert,convert to pdf free,11,top
Convert,pdf to excel convert,9,top
Convert,pdf to excel,8,top
Convert,convert to mp4,7,top
Convert,convert to english,7,top
Convert,youtube mp3 convert,7,top
Convert,convert to png,6,top
Convert,converter,6,top
Convert,convert into pdf,5,top
Convert,youtube to mp3 convert,5,top
Convert,convert to jpeg,4,top
Convert,convert pdf to image,4,top
Convert,convert pdf to word free,4,top
Online,online casinovergleich24.online 🇩🇪,105550,rising
Online,casino 🇩🇪 casinovergleich24.online,82750,rising
Online,casino online casinovergleich24.online 🇩🇪,81950,rising
Online,casino ohne lugas casinovergleich24.online 🇩🇪,35750,rising
Online,casino ohne oasis casinovergleich24.online 🇩🇪,19500,rising
Online,casino online 🎰 kasyno.news/,7600,rising
Online,casinò online non aams 🏆 testatofatto.it.com/,4950,rising
Online,anime online,50,rising
Online,online casino,100,top
Online,online games,37,top
Online,game online,31,top
Online,online casinos,25,top
Online,online casinovergleich24.online 🇩🇪,18,top
Online,word online,18,top
Online,online radio,17,top
Online,whatsapp online,15,top
Online,tv online,15,top
Online,casino online casinovergleich24.online 🇩🇪,14,top
Online,casino 🇩🇪 casinovergleich24.online,14,top
Online,chatgpt online,10,top
Online,series online,10,top
Online,free games online,10,top
Online,calculator online,10,top
Online,sbi online,10,top
Online,mail online,10,top
Online,manga online,9,top
Online,anime online,9,top
Online,casino ohne lugas casinovergleich24.online 🇩🇪,6,top
Online,casino ohne oasis casinovergleich24.online 🇩🇪,3,top
Online,casino online 🎰 kasyno.news/,1,top
Online,casinò online non aams 🏆 testatofatto.it.com/,1,top
Downloader,youtube video download 1440p,1400,rising
Downloader,instagram audio downloader app,400,rising
Downloader,slideshare downloader,50,rising
Downloader,scribd,40,rising
Downloader,downloader video,100,top
Downloader,video,98,top
Downloader,downloader youtube,45,top
Downloader,instagram downloader,35,top
Downloader,tiktok downloader,30,top
Downloader,facebook downloader,20,top
Downloader,youtube video downloader,20,top
Downloader,youtube video,19,top
Downloader,download,19,top
Downloader,tiktok video downloader,15,top
Downloader,facebook downloader video,13,top
Downloader,instagram video downloader,12,top
Downloader,pinterest downloader,10,top
Downloader,music downloader,10,top
Downloader,download video,8,top
Downloader,twitter downloader,8,top
Downloader,pinterest video downloader,7,top
Downloader,yt downloader,7,top
Downloader,app downloader,7,top
Downloader,youtube download,6,top
Downloader,twitter video downloader,5,top
Downloader,mp3 music downloader,5,top
Downloader,fb downloader,5,top
Downloader,reel downloader,5,top
Downloader,scribd,4,top
Maker,lidl ireland smoothie maker,300,rising
Maker,tomodachi life pixel art maker,250,rising
Maker,word search maker,40,rising
Maker,coffee maker,100,top
Maker,ice maker,35,top
Maker,logo maker,15,top
Maker,pdf maker,14,top
Maker,video maker,13,top
Maker,home maker,12,top
Maker,ninja coffee maker,11,top
Maker,espresso maker,10,top
Maker,ice cream maker,10,top
Maker,single serve coffee maker,9,top
Maker,game maker,8,top
Maker,label maker,7,top
Maker,maker world,7,top
Maker,cv maker,7,top
Maker,bread maker,7,top
Maker,keurig coffee maker,7,top
Maker,waffle maker,6,top
Maker,music maker,6,top
Maker,smoothie maker,6,top
Maker,cuisinart coffee maker,6,top
Maker,song maker,6,top
Maker,resume maker,5,top
Maker,gif maker,5,top
Maker,signature maker,5,top
Maker,movie maker,5,top
Creator,square enix shuts down japanese creator,16550,rising
Creator,festival of unleavened bread,4050,rising
Creator,1988 john carpenter movie,3500,rising
Creator,fable creator new game,1550,rising
Creator,south park co creator,1450,rising
Creator,haircut with many layers,1400,rising
Creator,festival of unleavened bread hamatzot,1350,rising
Creator,word search creator,50,rising
Creator,book creator login,40,rising
Creator,the creator,100,top
Creator,content creator,37,top
Creator,ai creator,29,top
Creator,tyler the creator,24,top
Creator,pdf creator,17,top
Creator,tiktok creator,17,top
Creator,video creator,17,top
Creator,youtube creator,16,top
Creator,image creator,15,top
Creator,lego creator,15,top
Creator,book creator,14,top
Creator,creator studio,12,top
Creator,app creator,10,top
Creator,roblox creator,10,top
Creator,digital creator,10,top
Creator,character creator,8,top
Creator,apple creator,7,top
Creator,kit creator,7,top
Creator,bing image creator,7,top
Creator,creator tv,6,top
Creator,logo creator,6,top
Creator,ugc,6,top
Creator,website creator,6,top
Creator,ugc creator,6,top
Creator,music creator,6,top
Editor,microbit python editor,160,rising
Editor,pdf editor,100,top
Editor,pdf,96,top
Editor,online editor,55,top
Editor,video editor,42,top
Editor,ai editor,35,top
Editor,photo editor,32,top
Editor,pdf online editor,28,top
Editor,pdf editor free,22,top
Editor,photo editor ai,15,top
Editor,image editor,14,top
Editor,pdf to editor,14,top
Editor,text editor,12,top
Editor,sejda editor,10,top
Editor,sejda,10,top
Editor,pdf editor online free,10,top
Editor,sejda pdf,10,top
Editor,sejda pdf editor,9,top
Editor,code editor,9,top
Editor,word editor,8,top
Editor,video editor free,8,top
Editor,canva editor,7,top
Editor,photo editor free,7,top
Editor,save editor,7,top
Editor,image ai editor,6,top
Editor,video editor ai,6,top
Processor,cerebras ai processor ipo,450,rising
Processor,multi-core processor,200,rising
Processor,cuisinart custom 14 cup food processor,160,rising
Processor,vivo v70 processor,70,rising
Processor,cuisinart 7-cup pro classic food processor,40,rising
Processor,what is a word processor,40,rising
Processor,food processor,100,top
Processor,intel processor,80,top
Processor,intel,79,top
Processor,laptop,46,top
Processor,laptop processor,44,top
Processor,amd,38,top
Processor,amd processor,37,top
Processor,ryzen processor,32,top
Processor,hp,29,top
Processor,intel core processor,27,top
Processor,blender,22,top
Processor,cuisinart,22,top
Processor,ninja,21,top
Processor,lenovo,17,top
Processor,cuisinart food processor,17,top
Processor,i5 processor,15,top
Processor,snapdragon processor,15,top
Processor,snapdragon,15,top
Processor,cpu,13,top
Processor,i7 processor,12,top
Processor,data processor,12,top
Processor,computer processor,11,top
Processor,asus,11,top
Processor,amd ryzen 7 processor,11,top
Processor,payment processor,10,top
Designer,eugen olteanu designer,1650,rising
Designer,primara designer l,500,rising
Designer,bricklink designer program,160,rising
Designer,solaredge designer,70,rising
Designer,cv designer gratuit,50,rising
Designer,affinity designer,50,rising
Designer,altium designer,40,rising
Designer,claude design,40,rising
Designer,graphic designer,100,top
Designer,designer bag,98,top
Designer,designer sale,86,top
Designer,fashion designer,78,top
Designer,interior designer,77,top
Designer,designer shoes,64,top
Designer,designer bags,53,top
Designer,designer dress,51,top
Designer,designer sunglasses,44,top
Designer,web designer,41,top
Designer,designer outlet,41,top
Designer,game designer,41,top
Designer,designer shirt,39,top
Designer,ux designer,36,top
Designer,website designer,35,top
Designer,product designer,34,top
Designer,gucci,32,top
Designer,designer clothes,27,top
Designer,studio designer,27,top
Designer,logo designer,27,top
Designer,house designer,26,top
Designer,affinity designer,26,top
Designer,designer clothing,26,top
Designer,coach,25,top
Designer,designer brands,24,top
Compiler,lcc compiler,200,rising
Compiler,jkssb,150,rising
Compiler,jkssb assistant compiler,150,rising
Compiler,aditya analysis,110,rising
Compiler,google collab,80,rising
Compiler,pbinfo,80,rising
Compiler,cuims,60,rising
Compiler,codetantra,60,rising
Compiler,compiler design ktu notes,50,rising
Compiler,online,100,top
Compiler,online compiler,97,top
Compiler,compiler python,39,top
Compiler,python,38,top
Compiler,online compiler python,26,top
Compiler,python online,25,top
Compiler,online python,25,top
Compiler,java compiler,25,top
Compiler,java,24,top
Compiler,c++ compiler,22,top
Compiler,c++,21,top
Compiler,c compiler online,20,top
Compiler,online java compiler,17,top
Compiler,online c++ compiler,12,top
Compiler,html,8,top
Compiler,html compiler,7,top
Compiler,chatgpt online,7,top
Compiler,code compiler,7,top
Compiler,what is compiler,7,top
Compiler,compiler design,6,top
Compiler,gdb compiler,6,top
Compiler,gdb,6,top
Compiler,one compiler,5,top
Compiler,sql compiler,4,top
Compiler,sql,4,top
Analyzer,life pattern analyzer,5550,rising
Analyzer,seo analyzer directorylib,700,rising
Analyzer,virus total,300,rising
Analyzer,seo analyzer tool free,200,rising
Analyzer,cro analyzer,200,rising
Analyzer,eml analyzer,160,rising
Analyzer,kddi location analyzer,160,rising
Analyzer,oil in water analyzer,150,rising
Analyzer,backlinks analyzer,130,rising
Analyzer,microsoft message header analyzer,120,rising
Analyzer,google har analyzer,100,rising
Analyzer,mxtoolbox,100,rising
Analyzer,message header analyzer,90,rising
Analyzer,email header analyzer,90,rising
Analyzer,microsoft header analyzer,80,rising
Analyzer,mxtoolbox header analyzer,80,rising
Analyzer,free seo page analyzer,80,rising
Analyzer,header analyzer,70,rising
Analyzer,analyzer or analyser,70,rising
Analyzer,website keywords analyzer,70,rising
Analyzer,internal link analyzer,70,rising
Analyzer,dmarc analyzer,60,rising
Analyzer,ip lookup,60,rising
Analyzer,ai analyzer,100,top
Analyzer,spectrum analyzer,86,top
Analyzer,pdf analyzer,76,top
Analyzer,trade analyzer,71,top
Analyzer,power analyzer,59,top
Analyzer,gas analyzer,59,top
Analyzer,network analyzer,55,top
Analyzer,wifi analyzer,49,top
Analyzer,fantasy trade analyzer,39,top
Analyzer,code analyzer,37,top
Analyzer,skin analyzer,37,top
Analyzer,seo analyzer,36,top
Analyzer,header analyzer,34,top
Analyzer,hematology analyzer,34,top
Analyzer,logic analyzer,33,top
Analyzer,website analyzer,31,top
Analyzer,video analyzer,29,top
Analyzer,trade analyzer baseball,29,top
Analyzer,audio analyzer,29,top
Analyzer,log analyzer,28,top
Analyzer,trade analyzer fantasy baseball,27,top
Analyzer,moisture analyzer,26,top
Analyzer,battery analyzer,26,top
Analyzer,body composition analyzer,25,top
Analyzer,faceit analyzer,25,top
Evaluator,dbt project evaluator,25300,rising
Evaluator,search engine evaluator job description,7350,rising
Evaluator,recon recruitment,550,rising
Evaluator,lionbridge search engine evaluator,250,rising
Evaluator,remote online evaluator jobs,130,rising
Evaluator,seo evaluator,130,rising
Evaluator,regex evaluator,120,rising
Evaluator,appen search engine evaluator,110,rising
Evaluator,search engine evaluator,80,rising
Evaluator,appen,60,rising
Evaluator,csp evaluator,50,rising
Evaluator,cron evaluator,50,rising
Evaluator,the evaluator,100,top
Evaluator,online evaluator,40,top
Evaluator,search engine evaluator,24,top
Evaluator,remote online evaluator,19,top
Evaluator,home evaluator,18,top
Evaluator,evaluator meaning,16,top
Evaluator,car evaluator,12,top
Evaluator,property evaluator,9,top
Evaluator,house evaluator,9,top
Evaluator,csp evaluator,9,top
Evaluator,search quality evaluator guidelines,8,top
Evaluator,appen,7,top
Evaluator,search engine evaluator jobs,7,top
Evaluator,online evaluator jobs,5,top
Evaluator,social media evaluator,5,top
Evaluator,ep evaluator,5,top
Evaluator,seo evaluator,5,top
Evaluator,migration evaluator,4,top
Evaluator,cron evaluator,4,top
Evaluator,remote online evaluator jobs,3,top
Evaluator,appen search engine evaluator,3,top
Evaluator,regex evaluator,2,top
Evaluator,lionbridge search engine evaluator,2,top
Evaluator,dbt project evaluator,2,top
Evaluator,recon recruitment,1,top
